Ano,4  Valor em dólares do intercâmbio comercial com os principais países  1938-1987_INTERCÂMBIO  COMERCIAL (US$  1 000)_Exportação_ALEMANHA  OCIDENTAL  (RFA),4  Valor em dólares do intercâmbio comercial com os principais países  1938-1987_INTERCÂMBIO  COMERCIAL (US$  1 000)_Importação_ALEMANHA  OCIDENTAL  (RFA),4  Valor em dólares do intercâmbio comercial com os principais países  1938-1987_ANOS_Importação_ANTILHAS  HOLANDESAS,4  Valor em dólares do intercâmbio comercial com os principais países  1938-1987_INTERCÂMBIO COMERCIAL (US$ 1 000)_Exportação_ANTILHAS  HOLANDESAS,4  Valor em dólares do intercâmbio comercial com os principais países  1938-1987_INTERCÂMBIO COMERCIAL (US$ 1 000)_Importação_ANTILHAS  HOLANDESAS,4  Valor em dólares do intercâmbio comercial com os principais países  1938-1987_ANOS_Importação_ARGENTINA,4  Valor em dólares do intercâmbio comercial com os principais países  1938-1987_INTERCÂMBIO COMERCIAL (US$ 1 000)_Exportação_ARGENTINA,4  Valor em dólares do intercâmbio comercial com os principais países  1938-1987_INTERCÂMBIO COMERCIAL (US$ 1 000)_Importação_ARGENTINA,4  Valor em dólares do intercâmbio comercial com os principais países  1938-1987_ANOS_Importação_BÉLGICA,4  Valor em dólares do intercâmbio comercial com os principais países  1938-1987_INTERCÂMBIO COMERCIAL (US$ 1 000)_Exportação_BÉLGICA,4  Valor em dólares do intercâmbio comercial com os principais países  1938-1987_INTERCÂMBIO COMERCIAL (US$ 1 000)_Importação_BÉLGICA,4  Valor em dólares do intercâmbio comercial com os principais países  1938-1987_ANOS_Importação_CANADÁ,4  Valor em dólares do intercâmbio comercial com os principais países  1938-1987_INTERCÂMBIO COMERCIAL (US$ 1 000)_Exportação_CANADÁ,4  Valor em dólares do intercâmbio comercial com os principais países  1938-1987_INTERCÂMBIO COMERCIAL (US$ 1 000)_Importação_CANADÁ,4  Valor em dólares do intercâmbio comercial com os principais países  1938-1987_ANOS_Importação_ESTADOS UNIDOS (1),4  Valor em dólares do intercâmbio comercial com os principais países  1938-1987_INTERCÂMBIO COMERCIAL (US$ 1 000)_Exportação_ESTADOS UNIDOS (1),4  Valor em dólares do intercâmbio comercial com os principais países  1938-1987_INTERCÂMBIO COMERCIAL (US$ 1 000)_Importação_ESTADOS UNIDOS (1),4  Valor em dólares do intercâmbio comercial com os principais países  1938-1987_ANOS_Importação_FRANÇA (2),4  Valor em dólares do intercâmbio comercial com os principais países  1938-1987_INTERCÂMBIO COMERCIAL (US$ 1 000)_Exportação_FRANÇA (2),4  Valor em dólares do intercâmbio comercial com os principais países  1938-1987_INTERCÂMBIO COMERCIAL (US$ 1 000)_Importação_FRANÇA (2),4  Valor em dólares do intercâmbio comercial com os principais países  1938-1987_ANOS_Importação_GRÃ-BRETANHA,4  Valor em dólares do intercâmbio comercial com os principais países  1938-1987_INTERCÂMBIO COMERCIAL (US$ 1 000)_Exportação_GRÃ-BRETANHA,4  Valor em dólares do intercâmbio comercial com os principais países  1938-1987_INTERCÂMBIO COMERCIAL (US$ 1 000)_Importação_GRÃ-BRETANHA,4  Valor em dólares do intercâmbio comercial com os principais países  1938-1987_ANOS_Importação_HOLANDA,4  Valor em dólares do intercâmbio comercial com os principais países  1938-1987_INTERCÂMBIO COMERCIAL (US$ 1 000)_Exportação_HOLANDA,4  Valor em dólares do intercâmbio comercial com os principais países  1938-1987_INTERCÂMBIO COMERCIAL (US$ 1 000)_Importação_HOLANDA,4  Valor em dólares do intercâmbio comercial com os principais países  1938-1987_ANOS_Importação_ITÁLIA,4  Valor em dólares do intercâmbio comercial com os principais países  1938-1987_INTERCÂMBIO COMERCIAL (US$ 1 000)_Exportação_ITÁLIA,4  Valor em dólares do intercâmbio comercial com os principais países  1938-1987_INTERCÂMBIO COMERCIAL (US$ 1 000)_Importação_ITÁLIA,4  Valor em dólares do intercâmbio comercial com os principais países  1938-1987_ANOS_Importação_JAPÃO,4  Valor em dólares do intercâmbio comercial com os principais países  1938-1987_INTERCÂMBIO  COMERCIAL (US$  1 000)_Exportação_JAPÃO,4  Valor em dólares do intercâmbio comercial com os principais países  1938-1987_INTERCÂMBIO  COMERCIAL (US$  1 000)_Importação_JAPÃO,4  Valor em dólares do intercâmbio comercial com os principais países  1938-1987_ANOS_Importação_SUÉCIA,4  Valor em dólares do intercâmbio comercial com os principais países  1938-1987_INTERCÂMBIO  COMERCIAL (US$  1 000)_Exportação_SUÉCIA,4  Valor em dólares do intercâmbio comercial com os principais países  1938-1987_INTERCÂMBIO  COMERCIAL (US$  1 000)_Importação_SUÉCIA,4  Valor em dólares do intercâmbio comercial com os principais países  1938-1987_ANOS_Importação_VENEZUELA,4  Valor em dólares do intercâmbio comercial com os principais países  1938-1987_INTERCÂMBIO  COMERCIAL (US$  1 000)_Exportação_VENEZUELA,4  Valor em dólares do intercâmbio comercial com os principais países  1938-1987_INTERCÂMBIO  COMERCIAL (US$  1 000)_Importação_VENEZUELA
1938,56352.0,61072.0,1938,,9402.0,1938,13366.0,34881.0,1938 ,10569.0,,1938 ,,3779.0,1938 ,101466.0,71393.0,1938,,0.0,1938,25917.0,30607.0,1938 ,12491.0,,1938 ,6300.0,,1938 ,13569.0,3883.0,1938,6351.0,7242.0,1938,,0.0
1939,36533.0,50659.0,1939,,8929.0,1939,16863.0,21946.0,1939 ,8715.0,,1939 ,,3932.0,1939 ,110430.0,87461.0,1939,,0.0,1939,29369.0,24186.0,1939 ,11654.0,,1939 ,7228.0,,1939 ,16645.0,3979.0,1939,9455.0,5955.0,1939,,0.0
1948,12509.0,1045.0,1948,,72217.0,1940,111790.0,79940.0,1948 ,56115.0,,1948 ,,18258.0,1948 ,510707.0,580972.0,1948,,11001.0,1948,111454.0,113056.0,1948 ,29580.0,,1948 ,30854.0,,1948 ,875.0,28.0,1948,20842.0,24926.0,1948,,11001.0
1949,17059.0,5936.0,1949,,78470.0,1949,84328.0,116126.0,1949 ,47732.0,,1949 ,,11651.0,1949 ,550454.0,468505.0,1949,,8244.0,1949,93210.0,142386.0,1949 ,34366.0,,1949 ,28263.0,,1949 ,1925.0,137.0,1949,31545.0,33209.0,1949,,8244.0
1950,18276.0,18835.0,1950,,88243.0,1950,76289.0,108504.0,1950 ,34371.0,,1950 ,,12552.0,1950 ,739052.0,374174.0,1950,,17092.0,1950,113053.0,133848.0,1950 ,32604.0,,1950 ,23777.0,,1950 ,70847.0,7287.0,1950,44620.0,47188.0,1950,,17092.0
1951,84731.0,110739.0,1951,,96540.0,1951,117679.0,123574.0,1951 ,41686.0,,1951 ,,33754.0,1951 ,867006.0,831382.0,1951,,57593.0,1951,173889.0,168714.0,1951 ,52078.0,,1951 ,30465.0,,1951 ,76450.0,21052.0,1951,47283.0,69310.0,1951,,57593.0
1952,79952.0,183757.0,1952,,108302.0,1952,96229.0,37405.0,1952 ,29149.0,,1952 ,,48613.0,1952 ,731191.0,824891.0,1952,,84460.0,1952,38556.0,169379.0,1952 ,40084.0,,1952 ,32987.0,,1952 ,18978.0,15780.0,1952,63163.0,62240.0,1952,,84460.0
1953,147104.0,108289.0,1953,17.0,102062.0,1953,76612.0,185189.0,1953 ,23208.0,6887.0,1953 ,24681.0,41001.0,1953 ,745262.0,366344.0,1953,511.0,93593.0,1953,70664.0,48817.0,1953 ,37329.0,15920.0,1953 ,46251.0,26146.0,1953 ,40812.0,11134.0,1953,54203.0,56801.0,1953,511.0,93593.0
1954,187510.0,157127.0,1954,29.0,121821.0,1954,100030.0,104905.0,1954 ,22060.0,4094.0,1954 ,14985.0,43711.0,1954 ,578378.0,537049.0,1954,386.0,80010.0,1954,74446.0,17331.0,1954 ,45642.0,33522.0,1954 ,53240.0,47331.0,1954 ,68315.0,79156.0,1954,56273.0,60058.0,1954,386.0,80010.0
1955,104404.0,88035.0,1955,70.0,78683.0,1955,99823.0,151859.0,1955 ,17605.0,24608.0,1955 ,15124.0,12389.0,1955,601526.0,308817.0,1955,406.0,92903.0,1955,60277.0,17660.0,1955 ,42390.0,33995.0,1955 ,47529.0,48718.0,1955 ,56214.0,45080.0,1955,48560.0,32736.0,1955,406.0,92903.0
1956,94071.0,79602.0,1956,114.0,62365.0,1956,65471.0,76755.0,1956 ,25939.0,16656.0,1956 ,18462.0,9821.0,1956,734312.0,354026.0,1956,576.0,118276.0,1956,53438.0,42654.0,1956 ,50647.0,13849.0,1956 ,32487.0,29279.0,1956 ,37172.0,49967.0,1956,57490.0,43899.0,1956,576.0,118276.0
1957,83288.0,127214.0,1957,38.0,56393.0,1957,103182.0,89868.0,1957 ,15177.0,24232.0,1957 ,18363.0,23670.0,1957,659141.0,548140.0,1957,762.0,119787.0,1957,66135.0,50817.0,1957 ,43484.0,21050.0,1957 ,27753.0,37937.0,1957 ,37470.0,23245.0,1957,45725.0,52000.0,1957,762.0,119787.0
1958,78569.0,141275.0,1958,19254.0,66504.0,1958,107006.0,88089.0,1958 ,17798.0,13871.0,1958 ,13630.0,18406.0,1958,534402.0,482692.0,1958,2135.0,137808.0,1958,53554.0,43852.0,1958 ,46549.0,21506.0,1958 ,33627.0,29291.0,1958 ,24509.0,33274.0,1958,43238.0,49214.0,1958,2135.0,137808.0
1959,86067.0,140595.0,1959,19045.0,56200.0,1959,42880.0,104537.0,1959 ,25842.0,14777.0,1959 ,16201.0,14501.0,1959,592141.0,461287.0,1959,42371.0,43143.0,1959,72528.0,37498.0,1959 ,57649.0,30348.0,1959 ,41226.0,29789.0,1959 ,30751.0,26801.0,1959,37404.0,47402.0,1959,1205.0,110503.0
1960,89941.0,135859.0,1960,10698.0,59705.0,1960,56392.0,94868.0,1960 ,25294.0,15991.0,1960 ,16603.0,15932.0,1960,563659.0,443124.0,1960,43130.0,68900.0,1960,64574.0,51186.0,1960 ,51648.0,35097.0,1960 ,38732.0,38375.0,1960 ,30763.0,37930.0,1960,41536.0,33732.0,1960,1265.0,114498.0
1961,114003.0,140744.0,1961,17253.0,54199.0,1961,67436.0,29816.0,1961 ,30063.0,14306.0,1961 ,18820.0,26116.0,1961,562773.0,514714.0,1961,50621.0,42650.0,1961,61873.0,47232.0,1961 ,70942.0,20838.0,1961 ,47761.0,43565.0,1961 ,42611.0,79354.0,1961,43704.0,35541.0,1961,1632.0,99499.0
1962,109661.0,152063.0,1962,2989.0,24973.0,1962,48461.0,85547.0,1962 ,30218.0,22267.0,1962 ,21856.0,250722.0,1962,484796.0,457051.0,1962,40859.0,65728.0,1962,53888.0,46306.0,1962 ,73584.0,19450.0,1962 ,35174.0,42468.0,1962 ,29071.0,60799.0,1962,43360.0,34953.0,1962,350.0,107711.0
1963,111564.0,134290.0,1963,1305.0,20314.0,1963,46204.0,87956.0,1963 ,36048.0,18560.0,1963 ,22354.0,25183.0,1963,530919.0,456519.0,1963,53863.0,77370.0,1963,55436.0,52820.0,1963 ,108831.0,21889.0,1963 ,83300.0,45003.0,1963 ,31517.0,61699.0,1963,42953.0,31872.0,1963,3391.0,97539.0
1964,133594.0,103264.0,1964,176.0,18555.0,1964,90819.0,116316.0,1964 ,41516.0,14656.0,1964 ,21944.0,14523.0,1964,474341.0,435829.0,1964,50884.0,51110.0,1964,62978.0,37462.0,1964 ,79037.0,15012.0,1964 ,67842.0,26432.0,1964,27832.0,33813.0,1964,51345.0,23293.0,1964,4711.0,92358.0
1965,141456.0,96287.0,1965,238.0,13795.0,1965,140914.0,131994.0,1965 ,48038.0,12629.0,1965 ,24833.0,12887.0,1965,520190.0,325303.0,1965,56413.0,33271.0,1965,61706.0,30450.0,1965 ,81363.0,18892.0,1965 ,85112.0,25537.0,1965,29936.0,36728.0,1965,55205.0,18831.0,1965,3081.0,82085.0
1966,133560.0,134671.0,1966,199.0,13039.0,1966,113085.0,116963.0,1966 ,39077.0,20227.0,1966 ,22876.0,17520.0,1966,581394.0,589952.0,1966,60068.0,41056.0,1966,74039.0,44399.0,1966 ,88835.0,24973.0,1966 ,109027.0,36677.0,1966,41042.0,44452.0,1966,54800.0,30945.0,1966,4622.0,70506.0
1967,134751.0,168301.0,1967,97.0,16165.0,1967,97636.0,123283.0,1967 ,37495.0,29351.0,1967 ,16350.0,18153.0,1967,547589.0,572258.0,1967,58419.0,44009.0,1967,61390.0,56697.0,1967 ,112256.0,25886.0,1967 ,109011.0,51895.0,1967,56030.0,50471.0,1967,49803.0,38109.0,1967,3108.0,54559.0
1968,147711.0,235910.0,1968,102.0,23705.0,1968,118815.0,152728.0,1968 ,44433.0,31887.0,1968 ,26290.0,36185.0,1968,626996.0,684504.0,1968,67827.0,71807.0,1968,72809.0,96240.0,1968 ,102620.0,33801.0,1968 ,116923.0,73006.0,1968,58517.0,73113.0,1968,50823.0,52001.0,1968,3987.0,66708.0
1969,220055.0,286133.0,1969,412.0,11831.0,1969,170887.0,155930.0,1969 ,64417.0,36145.0,1969 ,28634.0,39211.0,1969,609757.0,681971.0,1969,99048.0,67148.0,1969,99202.0,90600.0,1969 ,135080.0,38100.0,1969 ,164404.0,76073.0,1969,105287.0,105660.0,1969,59706.0,65575.0,1969,4530.0,60840.0
1970,235506.0,359461.0,1970,4869.0,10106.0,1970,185652.0,309758.0,1970 ,72642.0,44400.0,1970 ,40586.0,70839.0,1970,676058.0,918108.0,1970,110048.0,88569.0,1970,129804.0,160870.0,1970 ,154003.0,49797.0,1970 ,192271.0,87825.0,1970,144940.0,177804.0,1970,69202.0,53281.0,1970,8203.0,59012.0
1971,256374.0,475166.0,1971,6065.0,14188.0,1971,200581.0,309080.0,1971 ,63197.0,58831.0,1971 ,42820.0,99861.0,1971,759965.0,1063995.0,1971,95752.0,146596.0,1971,126624.0,216229.0,1971 ,175759.0,60963.0,1971 ,202684.0,123825.0,1971,158387.0,258504.0,1971,53829.0,75721.0,1971,11600.0,62237.0
1972,336612.0,653179.0,1972,6807.0,14917.0,1972 ,154425.0,217631.0,1972 ,78050.0,71127.0,1972 ,50326.0,100146.0,1972,931233.0,1339329.0,1972,139068.0,184596.0,1972,180110.0,219516.0,1972 ,308004.0,116150.0,1972 ,269534.0,200795.0,1972,180006.0,365575.0,1972,66296.0,95199.0,1972,24953.0,53901.0
1973,554692.0,883932.0,1973,9873.0,24720.0,1973 ,198293.0,343586.0,1973 ,155666.0,110831.0,1973 ,69014.0,125939.0,1973,1122387.0,2004552.0,1973,209526.0,241296.0,1973,311681.0,272081.0,1973 ,621494.0,165924.0,1973 ,351851.0,215203.0,1973,425222.0,549437.0,1973,93669.0,160863.0,1973,63081.0,77979.0
1974,569844.0,1762274.0,1974,14410.0,71592.0,1974 ,301732.0,381828.0,1974 ,145042.0,346275.0,1974 ,95395.0,469917.0,1974,1737109.0,3434462.0,1974,268966.0,339018.0,1974,374793.0,355945.0,1974 ,605243.0,276327.0,1974 ,357259.0,387763.0,1974,556717.0,1250295.0,1974,72440.0,259620.0,1974,86462.0,180195.0
1975,701794.0,1460770.0,1975,11053.0,32857.0,1975 ,1197449.0,252169.0,1975 ,116283.0,255885.0,1975 ,136236.0,232249.0,1975,1337327.0,3386534.0,1975,247928.0,374983.0,1975,340134.0,363489.0,1975 ,561749.0,216517.0,1975 ,360204.0,622610.0,1975,671946.0,1256459.0,1975,82820.0,338470.0,1975,109521.0,115614.0
1976,918899.0,1190526.0,1976,4789.0,45322.0,1976 ,1202385.0,472812.0,1976 ,122695.0,148287.0,1976 ,136852.0,343820.0,1976,1842943.0,3110902.0,1976,343628.0,374059.0,1976,386780.0,347322.0,1976 ,722863.0,211405.0,1976 ,419834.0,443768.0,1976,639248.0,969978.0,1976,185992.0,258333.0,1976,125195.0,109929.0
1977,1066357.0,1120834.0,1977,6260.0,34085.0,1977 ,1480441.0,504090.0,1977 ,154176.0,101705.0,1977 ,142566.0,305275.0,1977,2148943.0,2631362.0,1977,495036.0,395636.0,1977,421229.0,292391.0,1977 ,933648.0,248918.0,1977 ,660928.0,337558.0,1977,684664.0,935680.0,1977,149986.0,180810.0,1977,199749.0,162464.0
1978,1062075.0,1221905.0,1978,6732.0,43888.0,1978 ,1619310.0,594021.0,1978 ,184570.0,127867.0,1978 ,152368.0,413232.0,1978,2869272.0,3182281.0,1978,529287.0,474509.0,1978,512950.0,391665.0,1978 ,782509.0,218935.0,1978 ,509279.0,334012.0,1978,650368.0,1336007.0,1978,171304.0,129092.0,1978,218597.0,139753.0
1979,1114947.0,1485060.0,1979,19856.0,80292.0,1979 ,718424.0,989643.0,1979 ,236761.0,173809.0,1979 ,199325.0,410362.0,1979,2940979.0,3628831.0,1979,598201.0,634764.0,1979,708219.0,504179.0,1979 ,992934.0,415108.0,1979 ,700309.0,330815.0,1979,886884.0,1179772.0,1979,176103.0,143515.0,1979,198367.0,243796.0
1980,1337097.0,1741403.0,1980,7941.0,91032.0,1980 ,1091521.0,840688.0,1980 ,356148.0,174884.0,1980 ,242648.0,985250.0,1980,3509577.0,4629554.0,1980,822393.0,719432.0,1980,549679.0,483124.0,1980 ,1149645.0,263334.0,1980 ,979286.0,415367.0,1980,1231882.0,1192298.0,1980,196538.0,166223.0,1980,229991.0,597678.0
1981,1316655.0,1179498.0,1981,20933.0,51048.0,1981 ,880226.0,633539.0,1981 ,412714.0,145712.0,1981 ,289755.0,637144.0,1981,4111434.0,3933351.0,1981,851339.0,648514.0,1981 ,734860.0,367104.0,1981 ,1469998.0,228199.0,1981 ,961326.0,661666.0,1981,1219672.0,1379753.0,1981,157467.0,237096.0,1981,408455.0,1048326.0
1982,1146638.0,934343.0,1982,14315.0,77029.0,1982 ,666363.0,593727.0,1982 ,413618.0,154688.0,1982 ,231144.0,515910.0,1982,4034245.0,3163695.0,1982,882620.0,596868.0,1982 ,674512.0,270020.0,1982 ,1142482.0,149145.0,1982 ,971550.0,517697.0,1982,1294067.0,973496.0,1982,170730.0,285758.0,1982,473626.0,1048121.0
1983,1130716.0,757830.0,1983,15247.0,55969.0,1983 ,654627.0,373213.0,1983 ,503888.0,80546.0,1983 ,311781.0,556211.0,1983,5063467.0,2598450.0,1983,890670.0,488878.0,1983 ,718564.0,253153.0,1983 ,1254186.0,172031.0,1983 ,977237.0,229279.0,1983,1432694.0,617987.0,1983,176359.0,156088.0,1983,268895.0,718876.0
1984,1255555.0,681563.0,1984,39849.0,23227.0,1984 ,853110.0,538617.0,1984 ,638368.0,85267.0,1984 ,407558.0,581834.0,1984,7709831.0,2484033.0,1984,836347.0,396887.0,1984 ,708169.0,304145.0,1984 ,1360523.0,155852.0,1984 ,1115397.0,215988.0,1984,1515323.0,609018.0,1984,232525.0,71816.0,1984,364955.0,587434.0
1985,1309299.0,933347.0,1985,12257.0,10001.0,1985 ,548237.0,493204.0,1985 ,577132.0,81552.0,1985 ,427510.0,448050.0,1985,6955930.0,2825092.0,1985,799617.0,326057.0,1985 ,632244.0,272727.0,1985 ,1558321.0,177646.0,1985 ,1149871.0,200926.0,1985,1397792.0,613001.0,1985,198395.0,101904.0,1985,295141.0,278123.0
1986,1099200.0,1311706.0,1986,9899.0,28720.0,1986 ,678336.0,782331.0,1986 ,484486.0,103551.0,1986 ,436057.0,499679.0,1986,6306053.0,3414610.0,1986,717635.0,678710.0,1986 ,646217.0,386505.0,1986 ,1298558.0,251303.0,1986 ,910439.0,396744.0,,,,1986,193348.0,149425.0,1986,348383.0,107057.0
1987,1228522.0,1546148.0,1987,12902.0,54279.0,1987 ,831782.0,612214.0,1987 ,611388.0,141767.0,1987 ,561551.0,467354.0,1987,7325130.0,3428196.0,1987,678153.0,650971.0,1987 ,755740.0,408464.0,1987 ,1607786.0,310028.0,1987 ,1269507.0,361903.0,,,,1987,138311.0,173111.0,1987,374074.0,172303.0
